instance,lp_objective
Coin0008I model_pre read with 0 errors
instance_01,-242513.692894388
Coin0008I model_pre read with 0 errors
instance_02,-373486.259566122
Coin0008I model_pre read with 0 errors
instance_03,242.750084979328
Coin0008I model_pre read with 0 errors
instance_04,490.390803334182
Coin0008I model_pre read with 0 errors
instance_05,442.957170917721
Coin0008I model_pre read with 0 errors
instance_06,37925.0036396599
Coin0008I model_pre read with 0 errors
instance_07,75471.7491249077
Coin0008I model_pre read with 0 errors
instance_08,38767.1906517415
Coin0008I model_pre read with 0 errors
instance_09,0.00197630946361728
Coin0008I model_pre read with 0 errors
instance_10,0.00197652072126351
Coin0008I model_pre read with 0 errors
instance_11,5.51764125077357
Coin0008I model_pre read with 0 errors
instance_12,25
Coin0008I model_pre read with 0 errors
instance_13,13.3424238910462
Coin0008I model_pre read with 0 errors
instance_14,370420.618705933
Coin0008I model_pre read with 0 errors
instance_15,547293.654207108
Coin0008I model_pre read with 0 errors
instance_16,0.999935543975811
Coin0008I model_pre read with 0 errors
instance_17,1.00002763643345
Coin0008I model_pre read with 0 errors
instance_18,0.99985729506255
Coin0008I model_pre read with 0 errors
instance_19,4.00005174808423
Coin0008I model_pre read with 0 errors
instance_20,4.00000219761428
Coin0008I model_pre read with 0 errors
instance_21,7.00000033649177
Coin0008I model_pre read with 0 errors
instance_22,0
Coin0008I model_pre read with 0 errors
instance_23,0
Coin0008I model_pre read with 0 errors
instance_24,0
Coin0008I model_pre read with 0 errors
instance_25,-46.9711614562818
Coin0008I model_pre read with 0 errors
instance_26,-117.781387209964
Coin0008I model_pre read with 0 errors
instance_27,-324.07170997809
Coin0008I model_pre read with 0 errors
instance_28,-0.000893111974411279
Coin0008I model_pre read with 0 errors
instance_29,3.61639910451057e-06
Coin0008I model_pre read with 0 errors
instance_30,-1.80239881654117e-05
Coin0008I model_pre read with 0 errors
instance_31,-2522.04507820102
Coin0008I model_pre read with 0 errors
instance_32,-3504.55029496849
Coin0008I model_pre read with 0 errors
instance_33,-10679.2577417544
Coin0008I model_pre read with 0 errors
instance_34,-0.0262421165006117
Coin0008I model_pre read with 0 errors
instance_35,-0.0500497341371329
Coin0008I model_pre read with 0 errors
instance_36,-0.102106057543551
Coin0008I model_pre read with 0 errors
instance_37,0
Coin0008I model_pre read with 0 errors
instance_38,0
Coin0008I model_pre read with 0 errors
instance_39,426.065530806455
Coin0008I model_pre read with 0 errors
instance_40,434.520219109927
Coin0008I model_pre read with 0 errors
instance_41,502.878524295336
Coin0008I model_pre read with 0 errors
instance_42,24704901.5706141
Coin0008I model_pre read with 0 errors
instance_43,23923483.3964629
Coin0008I model_pre read with 0 errors
instance_44,56340760.2456832
Coin0008I model_pre read with 0 errors
instance_45,0
Coin0008I model_pre read with 0 errors
instance_46,0
Coin0008I model_pre read with 0 errors
instance_47,0
Coin0008I model_pre read with 0 errors
instance_48,152134245.173978
Coin0008I model_pre read with 0 errors
instance_49,123722555.818484
Coin0008I model_pre read with 0 errors
instance_50,124658794.103745
